{
    "model": "/home/mvasist/scripts/assessment/models/model_10000spectrum_mlp_bs128_lr1e-4_10ep_optAdam_split90_bce_",
    "optimizer": "Adam",
    "criterion": "BCELoss",
    "scheduler": "ReduceLROnPlateau",
    "dataset_size": 10000,
    "train_size": 9000,
    "test_size": 999,
    "n_epoch": 10,
    "batch_size": 128,
    "learning_rate": [
        0.0001,
        0.0001,
        0.0001,
        0.0001,
        0.0001,
        0.0001,
        0.0001,
        0.0001,
        0.0001,
        0.0001
    ],
    "train_loss": [
        0.7793770797848701,
        0.45184447447458903,
        0.20920909396641785,
        0.10520956595987081,
        0.06746441739218102,
        0.04831347237072057,
        0.037172740169490376,
        0.030080047329266866,
        0.02523038311675191,
        0.021747233195851246
    ],
    "val_loss": [
        0.5569850112105513,
        0.3133850422528413,
        0.13785417295910335,
        0.08330491229936525,
        0.05776875394511151,
        0.043558208023881294,
        0.03482371317903261,
        0.028986442548868892,
        0.024872136249153822,
        0.021821307540461944
    ]
}